Workbook

Sheet Job Codes
A1: BHL | B1: 1.64
A2: GBL | B2: 8.2
A3: BCLAB | B3: 2.46
A4: BORE | B4: 10.25
A5: DRSTLAB | B5: 0.52
A6: REKEY | B6: 20.5
A7: HSLAB | B7: 4.1
A8: ENTLAB | B8: 2.46
A9: LOCLAB | B9: 1.85
A10: KICKLAB | B10: 1.85
A11: LKHNGLAB | B11: 1.22
A12: FECLAB | B12: 6.56
... A43: FDCSDLAB | B43: 82

Sheet Monday
A1: INSTALLER: Joseph Scott Kemper | D1: PAYROLL DETAIL LOG | J1: Week Ending:
A2: HELPER: | B2: Joshua Brinker
A3: DATE | B3: CUSTOMER | D3: LOT/COMMUNITY or ADDRESS | G3: LABOR CODE | H3: QTY | I3: PC PAY RATE | J3: PC PAY TOTAL | K3: COMMENTS | N3: MGR APVL
I4: =IFERROR(_xlfn.XLOOKUP(G4,'Job Codes'!$A$1:$A$43,'Job Codes'!$B$1:$B$43),"") | J4: =IFERROR(H4*I4,"")
I5: =IFERROR(_xlfn.XLOOKUP(G5,'Job Codes'!$A$1:$A$43,'Job Codes'!$B$1:$B$43),"") | J5: =IFERROR(H5*I5,"")
I6: =IFERROR(_xlfn.XLOOKUP(G6,'Job Codes'!$A$1:$A$43,'Job Codes'!$B$1:$B$43),"") | J6: =IFERROR(H6*I6,"")
I7: =IFERROR(_xlfn.XLOOKUP(G7,'Job Codes'!$A$1:$A$43,'Job Codes'!$B$1:$B$43),"") | J7: =IFERROR(H7*I7,"")
I8: =IFERROR(_xlfn.XLOOKUP(G8,'Job Codes'!$A$1:$A$43,'Job Codes'!$B$1:$B$43),"") | J8: =IFERROR(H8*I8,"")
I9: =IFERROR(_xlfn.XLOOKUP(G9,'Job Codes'!$A$1:$A$43,'Job Codes'!$B$1:$B$43),"") | J9: =IFERROR(H9*I9,"")
I10: =IFERROR(_xlfn.XLOOKUP(G10,'Job Codes'!$A$1:$A$43,'Job Codes'!$B$1:$B$43),"") | J10: =IFERROR(H10*I10,"")
I11: =IFERROR(_xlfn.XLOOKUP(G11,'Job Codes'!$A$1:$A$43,'Job Codes'!$B$1:$B$43),"") | J11: =IFERROR(H11*I11,"")
I12: =IFERROR(_xlfn.XLOOKUP(G12,'Job Codes'!$A$1:$A$43,'Job Codes'!$B$1:$B$43),"") | J12: =IFERROR(H12*I12,"")
I13: =IFERROR(_xlfn.XLOOKUP(G13,'Job Codes'!$A$1:$A$43,'Job Codes'!$B$1:$B$43),"") | J13: =IFERROR(H13*I13,"")
I14: =IFERROR(_xlfn.XLOOKUP(G14,'Job Codes'!$A$1:$A$43,'Job Codes'!$B$1:$B$43),"") | J14: =IFERROR(H14*I14,"")
I15: =IFERROR(_xlfn.XLOOKUP(G15,'Job Codes'!$A$1:$A$43,'Job Codes'!$B$1:$B$43),"") | J15: =IFERROR(H15*I15,"")
... I23: =IFERROR(_xlfn.XLOOKUP(G23,'Job Codes'!$A$1:$A$43,'Job Codes'!$B$1:$B$43),"") | J23: =IFERROR(H23*I23,"")
I24: PAGE TOTAL | J24: =SUM(J4:J23) -> 0
A25: LEAD NAME and HELPER NAME and DATE work performed are required on every work sheet
A26: GPS is required to be turned on at all times during work hours on device utilizing DispatchTrack
A27: Punch Correction forms must be turned in for any missed punches by end of same business day | J27: PAGE | L27: OF | N27: PAGES
A28: Paid and unpaid PTO must be requested onlinme through AllPay by end of same business day | J28: WEEKLY TOTAL
A29: Each day's work should be totalled on Page Total line, last workday total on Weekly Total line
A30: Hourly and Piece Pay installers are required to punch in and out DAILY
A31: Pay sheets may be adjusted for price reconciliation or cost reallocation by the review team and/or leadership
A32: Any missing pay sheets may delay pay until the following week
A33: Any overtime and/or weekend work must be pre-approved by Charles Wiggins prior to workday and all weekend pay sheets and
A34: punch corrections must be texted to Chuck (404-449-2378) and Stacy (404-379 7870) by end of same business day
A35: EMPLOYEES ARE RESPONSIBLE FOR FOLLOWING TIME KEEPING PROCEDURES PER COMPANY POLICY

Sheet Tuesday
A1: INSTALLER: Joseph Scott Kemper | D1: PAYROLL DETAIL LOG | J1: Week Ending:
A2: HELPER: | B2: Joshua Brinker
A3: DATE | B3: CUSTOMER | D3: LOT/COMMUNITY or ADDRESS | G3: LABOR CODE | H3: QTY | I3: PC PAY RATE | J3: PC PAY TOTAL | K3: COMMENTS | N3: MGR APVL
I4: =IFERROR(_xlfn.XLOOKUP(G4,'Job Codes'!$A$1:$A$43,'Job Codes'!$B$1:$B$43),"") | J4: =IFERROR(H4*I4,"")
I5: =IFERROR(_xlfn.XLOOKUP(G5,'Job Codes'!$A$1:$A$43,'Job Codes'!$B$1:$B$43),"") | J5: =IFERROR(H5*I5,"")
I6: =IFERROR(_xlfn.XLOOKUP(G6,'Job Codes'!$A$1:$A$43,'Job Codes'!$B$1:$B$43),"") | J6: =IFERROR(H6*I6,"")
I7: =IFERROR(_xlfn.XLOOKUP(G7,'Job Codes'!$A$1:$A$43,'Job Codes'!$B$1:$B$43),"") | J7: =IFERROR(H7*I7,"")
I8: =IFERROR(_xlfn.XLOOKUP(G8,'Job Codes'!$A$1:$A$43,'Job Codes'!$B$1:$B$43),"") | J8: =IFERROR(H8*I8,"")
I9: =IFERROR(_xlfn.XLOOKUP(G9,'Job Codes'!$A$1:$A$43,'Job Codes'!$B$1:$B$43),"") | J9: =IFERROR(H9*I9,"")
I10: =IFERROR(_xlfn.XLOOKUP(G10,'Job Codes'!$A$1:$A$43,'Job Codes'!$B$1:$B$43),"") | J10: =IFERROR(H10*I10,"")
I11: =IFERROR(_xlfn.XLOOKUP(G11,'Job Codes'!$A$1:$A$43,'Job Codes'!$B$1:$B$43),"") | J11: =IFERROR(H11*I11,"")
I12: =IFERROR(_xlfn.XLOOKUP(G12,'Job Codes'!$A$1:$A$43,'Job Codes'!$B$1:$B$43),"") | J12: =IFERROR(H12*I12,"")
I13: =IFERROR(_xlfn.XLOOKUP(G13,'Job Codes'!$A$1:$A$43,'Job Codes'!$B$1:$B$43),"") | J13: =IFERROR(H13*I13,"")
I14: =IFERROR(_xlfn.XLOOKUP(G14,'Job Codes'!$A$1:$A$43,'Job Codes'!$B$1:$B$43),"") | J14: =IFERROR(H14*I14,"")
I15: =IFERROR(_xlfn.XLOOKUP(G15,'Job Codes'!$A$1:$A$43,'Job Codes'!$B$1:$B$43),"") | J15: =IFERROR(H15*I15,"")
... I23: =IFERROR(_xlfn.XLOOKUP(G23,'Job Codes'!$A$1:$A$43,'Job Codes'!$B$1:$B$43),"") | J23: =IFERROR(H23*I23,"")
I24: PAGE TOTAL | J24: =SUM(J4:J23) -> 0
A25: LEAD NAME and HELPER NAME and DATE work performed are required on every work sheet
A26: GPS is required to be turned on at all times during work hours on device utilizing DispatchTrack
A27: Punch Correction forms must be turned in for any missed punches by end of same business day | J27: PAGE | L27: OF | N27: PAGES
A28: Paid and unpaid PTO must be requested onlinme through AllPay by end of same business day | J28: WEEKLY TOTAL
A29: Each day's work should be totalled on Page Total line, last workday total on Weekly Total line
A30: Hourly and Piece Pay installers are required to punch in and out DAILY
A31: Pay sheets may be adjusted for price reconciliation or cost reallocation by the review team and/or leadership
A32: Any missing pay sheets may delay pay until the following week
A33: Any overtime and/or weekend work must be pre-approved by Charles Wiggins prior to workday and all weekend pay sheets and
A34: punch corrections must be texted to Chuck (404-449-2378) and Stacy (404-379 7870) by end of same business day
A35: EMPLOYEES ARE RESPONSIBLE FOR FOLLOWING TIME KEEPING PROCEDURES PER COMPANY POLICY

Sheet Wednesday
A1: INSTALLER: Joseph Scott Kemper | D1: PAYROLL DETAIL LOG | J1: Week Ending:
A2: HELPER: | B2: Joshua Brinker
A3: DATE | B3: CUSTOMER | D3: LOT/COMMUNITY or ADDRESS | G3: LABOR CODE | H3: QTY | I3: PC PAY RATE | J3: PC PAY TOTAL | K3: COMMENTS | N3: MGR APVL
I4: =IFERROR(_xlfn.XLOOKUP(G4,'Job Codes'!$A$1:$A$43,'Job Codes'!$B$1:$B$43),"") | J4: =IFERROR(H4*I4,"")
I5: =IFERROR(_xlfn.XLOOKUP(G5,'Job Codes'!$A$1:$A$43,'Job Codes'!$B$1:$B$43),"") | J5: =IFERROR(H5*I5,"")
I6: =IFERROR(_xlfn.XLOOKUP(G6,'Job Codes'!$A$1:$A$43,'Job Codes'!$B$1:$B$43),"") | J6: =IFERROR(H6*I6,"")
I7: =IFERROR(_xlfn.XLOOKUP(G7,'Job Codes'!$A$1:$A$43,'Job Codes'!$B$1:$B$43),"") | J7: =IFERROR(H7*I7,"")
I8: =IFERROR(_xlfn.XLOOKUP(G8,'Job Codes'!$A$1:$A$43,'Job Codes'!$B$1:$B$43),"") | J8: =IFERROR(H8*I8,"")
I9: =IFERROR(_xlfn.XLOOKUP(G9,'Job Codes'!$A$1:$A$43,'Job Codes'!$B$1:$B$43),"") | J9: =IFERROR(H9*I9,"")
I10: =IFERROR(_xlfn.XLOOKUP(G10,'Job Codes'!$A$1:$A$43,'Job Codes'!$B$1:$B$43),"") | J10: =IFERROR(H10*I10,"")
I11: =IFERROR(_xlfn.XLOOKUP(G11,'Job Codes'!$A$1:$A$43,'Job Codes'!$B$1:$B$43),"") | J11: =IFERROR(H11*I11,"")
I12: =IFERROR(_xlfn.XLOOKUP(G12,'Job Codes'!$A$1:$A$43,'Job Codes'!$B$1:$B$43),"") | J12: =IFERROR(H12*I12,"")
I13: =IFERROR(_xlfn.XLOOKUP(G13,'Job Codes'!$A$1:$A$43,'Job Codes'!$B$1:$B$43),"") | J13: =IFERROR(H13*I13,"")
I14: =IFERROR(_xlfn.XLOOKUP(G14,'Job Codes'!$A$1:$A$43,'Job Codes'!$B$1:$B$43),"") | J14: =IFERROR(H14*I14,"")
I15: =IFERROR(_xlfn.XLOOKUP(G15,'Job Codes'!$A$1:$A$43,'Job Codes'!$B$1:$B$43),"") | J15: =IFERROR(H15*I15,"")
... I23: =IFERROR(_xlfn.XLOOKUP(G23,'Job Codes'!$A$1:$A$43,'Job Codes'!$B$1:$B$43),"") | J23: =IFERROR(H23*I23,"")
I24: PAGE TOTAL | J24: =SUM(J4:J23) -> 0
A25: LEAD NAME and HELPER NAME and DATE work performed are required on every work sheet
A26: GPS is required to be turned on at all times during work hours on device utilizing DispatchTrack
A27: Punch Correction forms must be turned in for any missed punches by end of same business day | J27: PAGE | L27: OF | N27: PAGES
A28: Paid and unpaid PTO must be requested onlinme through AllPay by end of same business day | J28: WEEKLY TOTAL
A29: Each day's work should be totalled on Page Total line, last workday total on Weekly Total line
A30: Hourly and Piece Pay installers are required to punch in and out DAILY
A31: Pay sheets may be adjusted for price reconciliation or cost reallocation by the review team and/or leadership
A32: Any missing pay sheets may delay pay until the following week
A33: Any overtime and/or weekend work must be pre-approved by Charles Wiggins prior to workday and all weekend pay sheets and
A34: punch corrections must be texted to Chuck (404-449-2378) and Stacy (404-379 7870) by end of same business day
A35: EMPLOYEES ARE RESPONSIBLE FOR FOLLOWING TIME KEEPING PROCEDURES PER COMPANY POLICY

Sheet Thursday
A1: INSTALLER: Joseph Scott Kemper | D1: PAYROLL DETAIL LOG | J1: Week Ending:
A2: HELPER: | B2: Joshua Brinker
A3: DATE | B3: CUSTOMER | D3: LOT/COMMUNITY or ADDRESS | G3: LABOR CODE | H3: QTY | I3: PC PAY RATE | J3: PC PAY TOTAL | K3: COMMENTS | N3: MGR APVL
I4: =IFERROR(_xlfn.XLOOKUP(G4,'Job Codes'!$A$1:$A$43,'Job Codes'!$B$1:$B$43),"") | J4: =IFERROR(H4*I4,"")
I5: =IFERROR(_xlfn.XLOOKUP(G5,'Job Codes'!$A$1:$A$43,'Job Codes'!$B$1:$B$43),"") | J5: =IFERROR(H5*I5,"")
I6: =IFERROR(_xlfn.XLOOKUP(G6,'Job Codes'!$A$1:$A$43,'Job Codes'!$B$1:$B$43),"") | J6: =IFERROR(H6*I6,"")
I7: =IFERROR(_xlfn.XLOOKUP(G7,'Job Codes'!$A$1:$A$43,'Job Codes'!$B$1:$B$43),"") | J7: =IFERROR(H7*I7,"")
I8: =IFERROR(_xlfn.XLOOKUP(G8,'Job Codes'!$A$1:$A$43,'Job Codes'!$B$1:$B$43),"") | J8: =IFERROR(H8*I8,"")
I9: =IFERROR(_xlfn.XLOOKUP(G9,'Job Codes'!$A$1:$A$43,'Job Codes'!$B$1:$B$43),"") | J9: =IFERROR(H9*I9,"")
I10: =IFERROR(_xlfn.XLOOKUP(G10,'Job Codes'!$A$1:$A$43,'Job Codes'!$B$1:$B$43),"") | J10: =IFERROR(H10*I10,"")
I11: =IFERROR(_xlfn.XLOOKUP(G11,'Job Codes'!$A$1:$A$43,'Job Codes'!$B$1:$B$43),"") | J11: =IFERROR(H11*I11,"")
I12: =IFERROR(_xlfn.XLOOKUP(G12,'Job Codes'!$A$1:$A$43,'Job Codes'!$B$1:$B$43),"") | J12: =IFERROR(H12*I12,"")
I13: =IFERROR(_xlfn.XLOOKUP(G13,'Job Codes'!$A$1:$A$43,'Job Codes'!$B$1:$B$43),"") | J13: =IFERROR(H13*I13,"")
I14: =IFERROR(_xlfn.XLOOKUP(G14,'Job Codes'!$A$1:$A$43,'Job Codes'!$B$1:$B$43),"") | J14: =IFERROR(H14*I14,"")
I15: =IFERROR(_xlfn.XLOOKUP(G15,'Job Codes'!$A$1:$A$43,'Job Codes'!$B$1:$B$43),"") | J15: =IFERROR(H15*I15,"")
... I23: =IFERROR(_xlfn.XLOOKUP(G23,'Job Codes'!$A$1:$A$43,'Job Codes'!$B$1:$B$43),"") | J23: =IFERROR(H23*I23,"")
I24: PAGE TOTAL | J24: =SUM(J4:J23) -> 0
A25: LEAD NAME and HELPER NAME and DATE work performed are required on every work sheet
A26: GPS is required to be turned on at all times during work hours on device utilizing DispatchTrack
A27: Punch Correction forms must be turned in for any missed punches by end of same business day | J27: PAGE | L27: OF | N27: PAGES
A28: Paid and unpaid PTO must be requested onlinme through AllPay by end of same business day | J28: WEEKLY TOTAL
A29: Each day's work should be totalled on Page Total line, last workday total on Weekly Total line
A30: Hourly and Piece Pay installers are required to punch in and out DAILY
A31: Pay sheets may be adjusted for price reconciliation or cost reallocation by the review team and/or leadership
A32: Any missing pay sheets may delay pay until the following week
A33: Any overtime and/or weekend work must be pre-approved by Charles Wiggins prior to workday and all weekend pay sheets and
A34: punch corrections must be texted to Chuck (404-449-2378) and Stacy (404-379 7870) by end of same business day
A35: EMPLOYEES ARE RESPONSIBLE FOR FOLLOWING TIME KEEPING PROCEDURES PER COMPANY POLICY

Sheet Friday
A1: INSTALLER: Joseph Scott Kemper | D1: PAYROLL DETAIL LOG | J1: Week Ending:
A2: HELPER: | B2: Joshua Brinker
A3: DATE | B3: CUSTOMER | D3: LOT/COMMUNITY or ADDRESS | G3: LABOR CODE | H3: QTY | I3: PC PAY RATE | J3: PC PAY TOTAL | K3: COMMENTS | N3: MGR APVL
I4: =IFERROR(_xlfn.XLOOKUP(G4,'Job Codes'!$A$1:$A$43,'Job Codes'!$B$1:$B$43),"") | J4: =IFERROR(H4*I4,"")
I5: =IFERROR(_xlfn.XLOOKUP(G5,'Job Codes'!$A$1:$A$43,'Job Codes'!$B$1:$B$43),"") | J5: =IFERROR(H5*I5,"")
I6: =IFERROR(_xlfn.XLOOKUP(G6,'Job Codes'!$A$1:$A$43,'Job Codes'!$B$1:$B$43),"") | J6: =IFERROR(H6*I6,"")
I7: =IFERROR(_xlfn.XLOOKUP(G7,'Job Codes'!$A$1:$A$43,'Job Codes'!$B$1:$B$43),"") | J7: =IFERROR(H7*I7,"")
I8: =IFERROR(_xlfn.XLOOKUP(G8,'Job Codes'!$A$1:$A$43,'Job Codes'!$B$1:$B$43),"") | J8: =IFERROR(H8*I8,"")
I9: =IFERROR(_xlfn.XLOOKUP(G9,'Job Codes'!$A$1:$A$43,'Job Codes'!$B$1:$B$43),"") | J9: =IFERROR(H9*I9,"")
I10: =IFERROR(_xlfn.XLOOKUP(G10,'Job Codes'!$A$1:$A$43,'Job Codes'!$B$1:$B$43),"") | J10: =IFERROR(H10*I10,"")
I11: =IFERROR(_xlfn.XLOOKUP(G11,'Job Codes'!$A$1:$A$43,'Job Codes'!$B$1:$B$43),"") | J11: =IFERROR(H11*I11,"")
I12: =IFERROR(_xlfn.XLOOKUP(G12,'Job Codes'!$A$1:$A$43,'Job Codes'!$B$1:$B$43),"") | J12: =IFERROR(H12*I12,"")
I13: =IFERROR(_xlfn.XLOOKUP(G13,'Job Codes'!$A$1:$A$43,'Job Codes'!$B$1:$B$43),"") | J13: =IFERROR(H13*I13,"")
I14: =IFERROR(_xlfn.XLOOKUP(G14,'Job Codes'!$A$1:$A$43,'Job Codes'!$B$1:$B$43),"") | J14: =IFERROR(H14*I14,"")
I15: =IFERROR(_xlfn.XLOOKUP(G15,'Job Codes'!$A$1:$A$43,'Job Codes'!$B$1:$B$43),"") | J15: =IFERROR(H15*I15,"")
... I23: =IFERROR(_xlfn.XLOOKUP(G23,'Job Codes'!$A$1:$A$43,'Job Codes'!$B$1:$B$43),"") | J23: =IFERROR(H23*I23,"")
I24: PAGE TOTAL | J24: =SUM(J4:J23) -> 0
A25: LEAD NAME and HELPER NAME and DATE work performed are required on every work sheet
A26: GPS is required to be turned on at all times during work hours on device utilizing DispatchTrack
A27: Punch Correction forms must be turned in for any missed punches by end of same business day | J27: PAGE | L27: OF | N27: PAGES
A28: Paid and unpaid PTO must be requested onlinme through AllPay by end of same business day | J28: WEEKLY TOTAL | K28: =Monday!J24+Tuesday!J24+Wednesday!J24+Thursday!J24+Friday!J24 -> 0
A29: Each day's work should be totalled on Page Total line, last workday total on Weekly Total line
A30: Hourly and Piece Pay installers are required to punch in and out DAILY
A31: Pay sheets may be adjusted for price reconciliation or cost reallocation by the review team and/or leadership
A32: Any missing pay sheets may delay pay until the following week
A33: Any overtime and/or weekend work must be pre-approved by Charles Wiggins prior to workday and all weekend pay sheets and
A34: punch corrections must be texted to Chuck (404-449-2378) and Stacy (404-379 7870) by end of same business day
A35: EMPLOYEES ARE RESPONSIBLE FOR FOLLOWING TIME KEEPING PROCEDURES PER COMPANY POLICY
